W25,W26,W27,W19,W28,W29,W30,W31,W32,W33,W34,W35,W36,W37,W38,W39,W24,W40,D11
W41,W4,W42,W43,W44,W45,W46,W47,W48,W49,W50,W51,W52,W53,W17,W54,W24,D1,
W55,W19,W46,W32,W32,W56,W57,W58,W59,W19,W13,W60,W19,W13,W61,W62,D3
W13,W83,W32,W32,W56,W57,W13,W84,W19,W28,W85,W86,W24,D20,
W87,W88,W89,W90,W32,W91,W13,W92,W93,W90,W94,W95,W24,D20,
W13,W52,W32,W53,W17,W13,W96,W97,W10,W2,W98,W99,W19,W13,W100,W24,D20
W122,W123,W110,W124,W125,W19,W13,W126,W127,W128,W32,W129,W130,W36,W13,W131,W132,W17,W133,W24,D20
W1,W2,W3,W4,W134,W7,W28,W78,W19,W13,W135,W136,W137,W138,W139,W90,W17,W140,W24,D1,
W154,W155,W134,W47,W139,W28,W156,W157,W97,W90,W158,W159,W46,W32,W154,W46,W160,W161,W24,D20,
W17,W162,W12,W163,W144,W12,W55,W164,W165,W32,W166,W167,W46,W168,W32,W169,W24,D20,
W134,W7,W28,W201,W12,W202,W203,W12,W204,W205,W24,D20,
W46,W206,W7,W8,W207,W208,W12,W28,W209,W210,W19,W28,W211,W19,W13,W212,W213,W17,W205,W24,D12
W90,W214,W32,W206,W7,W17,W13,W215,W24,D20,
W55,W131,W212,W216,W47,W32,W7,W17,W13,W217,W218,W97,W28,W219,W24,D15,
W134,W21,W220,W221,W28,W215,W45,W222,W223,W224,W12,W225,W226,W42,W227,W24,D15
W228,W19,W46,W32,W204,W13,W229,W213,W97,W32,W230,W142,W19,W13,W220,W231,W24,D4,
W13,W279,W280,W122,W47,W281,W282,W271,W36,W283,W28,W284,W24,D20,
W26,W285,W32,W28,W286,W228,W97,W287,W288,W24,D20
W289,W17,W290,W291,W122,W32,W292,W293,W24,D5,
W296,W47,W32,W303,W304,W305,W64,W12,W306,W12,W307,W90,W308,W19,W309,W93,W310,W97,W311,W24,D16
W328,W13,W261,W262,W32,W329,W38,W255,W330,W36,W331,W217,W274,W137,W332,W24,D3
W13,W333,W17,W64,W32,W334,W335,W38,W336,W337,W26,W160,W24,D20,
W89,W338,W339,W28,W340,W341,W342,W12,W343,W13,W344,W24,D12
W89,W90,W345,W346,W112,W113,W12,W347,W46,W348,W47,W349,W13,W350,W351,W183,W131,W42,W24,D16,
W28,W364,W204,W13,W365,W366,W38,W367,W90,W368,W167,W90,W363,W24,D20
W13,W357,W369,W370,W371,W372,W24,D20,
W17,W54,W13,W373,W374,W117,W17,W375,W376,W12,W377,W17,W378,W379,W97,W380,W24,D20,
W149,W47,W32,W391,W45,W13,W392,W393,W389,W32,W394,W370,W24,D12,
W403,W32,W328,W404,W154,W13,W405,W97,W46,W47,W406,W407,W408,W409,W24,D15,
W462,W32,W463,W12,W149,W32,W246,W391,W45,W464,W465,W97,W466,W32,W335,W38,W32,W467,W398,W24,D12
W534,W19,W503,W12,W34,W47,W334,W1,W2,W535,W38,W536,W154,W36,W34,W115,W204,W149,W24,D3,
W401,W582,W42,W32,W354,W224,W97,W583,W354,W584,W17,W503,W585,W24,D20
W1,W2,W586,W587,W280,W45,W443,W32,W588,W589,W24,D15,
W328,W87,W433,W638,W642,W97,W657,W87,W658,W659,W24,D15,
W26,W32,W113,W28,W660,W434,W661,W2,W662,W345,W663,W664,W24,D16,
W122,W32,W28,W495,W38,W665,W475,W528,W97,W457,W122,W666,W654,W13,W667,W24,D15
W692,W698,W4,W411,W37,W154,D20
W755,W32,W246,W756,W4,D1,
W149,W32,W28,W795,W38,W665,W434,W642,W24,D20,
W32,W787,W2,W796,W31,W797,W87,W798,W97,W45,W32,W799,W17,W28,W626,W19,W800,W354,W24,D15,
W149,W32,W28,W801,W19,W802,W154,W642,W24,D20,
W803,W246,W19,W13,W694,W804,W97,W805,W87,W658,W806,W24,D1
W26,W804,W807,W13,W300,W808,W45,W809,W97,W374,W809,W434,W13,W647,W498,W642,W4,D20,
W110,W69,W32,W835,W17,W555,W475,W806,W87,W836,W97,W475,W87,W114,W45,W32,W468,W837,W24,D15,
W851,W13,W321,W852,W853,W854,W45,W32,W28,W855,W19,W680,W856,W461,D1
W45,W124,W32,W844,W24,D15,
W13,W642,W111,W863,W516,W864,W170,W865,W188,W866,W375,W160,W38,W867,W13,W550,W19,W45,W640,W24,D12
W367,W879,W12,W290,W533,W12,W893,D1,
W111,W110,W32,W894,W38,W280,W111,W636,W516,W659,W47,W32,W895,W38,W32,W28,W896,W24,D28
W13,W918,W32,W28,W160,W38,W919,W920,W24,D20,
W925,W47,W32,W934,W38,W935,W90,W127,W936,W19,W13,W937,W152,W19,W10,W2,W597,W938,W24,D15,
W46,W69,W970,W971,W588,W19,W28,W940,W746,W36,W51,W972,W12,W430,W32,W206,W28,W646,W967,W24,D15
W349,W26,W32,W292,W973,W12,W183,W93,W468,W10,W2,W597,W974,W975,W24,D20,
W289,W68,W32,W122,W973,W45,W28,W286,W574,W19,W245,W976,W69,W977,W367,W401,W963,W24,D16
W978,W4,W13,W66,W790,W112,W979,W122,W433,W38,W980,W13,W981,W19,W13,W926,W119,W24,D1
W26,W51,W908,W433,W328,W334,W1034,W984,W1014,W1035,W1036,W94,W97,W215,W24,D12,
W122,W348,W117,W38,W32,W1037,W24,D12,
W50,W188,W104,W64,W480,W963,W12,W553,W13,W1072,W111,W1073,W516,W658,W1074,W341,W46,W24,D12
W1085,W12,W13,W173,W489,W1086,W10,W2,W597,W97,W69,W867,W252,W1087,W13,W1088,W24,D3,
W34,W1101,W28,W1102,W17,W64,W12,W113,W28,W1103,W1104,W24,D20
W1124,W1125,W1043,W1126,W1127,W45,W1128,W1129,W1010,W13,W1130,W1131,W38,W32,W928,W24,D15
W111,W1138,W516,W526,W851,W28,W1139,W1043,W1140,W17,W930,W4,D28
W472,W1043,W1141,W111,W539,W516,W1142,W1143,W154,W1110,W216,D12,
W1146,W660,W15,W4,W1147,W1148,W1149,W170,W1150,W1151,W188,D20,
W1152,W170,W1153,W188,W848,D1,
W1177,W1181,W1043,W38,W1160,W13,W216,W19,W1182,W12,W1183,W12,W1004,W97,W910,W24,D20
W90,W168,W113,W1160,W13,W131,W24,D15,
W494,W433,W87,W1160,W13,W1041,W128,W32,W17,W1191,W19,W910,W461,W494,D15
W1177,W1181,W12,W1192,W434,W923,W1193,W925,W12,W128,W1194,W588,W19,W13,W187,W950,W1195,W24,D20
W494,W1196,W12,W1196,W12,W32,W26,W1197,W1198,W461,W494,W1181,W1043,W24,D20
W1208,W689,W28,W1209,W235,W367,W1043,W38,W1210,W36,W90,W1211,W154,W111,W910,W516,W324,W929,W24,D20,
W28,W1227,W36,W1165,W1167,W206,W1228,W111,W1043,W516,W1211,W24,D20
W110,W111,W433,W113,W904,W87,W457,W1252,W110,W114,W111,W1043,W516,W1253,W17,W45,W1254,W24,D15
W110,W374,W851,W90,W1255,W434,W494,W13,W1041,W12,W494,W1159,W38,W851,W111,W925,W516,W1160,W24,D12,
W90,W1256,W70,W1261,W1262,W787,W408,W1214,W12,W1263,W993,W93,W494,W1205,W24,W494,D12
W90,W111,W168,W113,W904,W417,W493,W32,W406,W253,W1271,W183,W184,W38,W1035,W24,D15
W925,W335,W154,W38,W1021,W646,W1272,W93,W1004,W17,W951,W12,W1273,W428,W1274,W45,W37,W24,D20
W26,W32,W13,W580,W45,W1043,W1284,W32,W1204,W494,W1205,W494,W38,W13,W640,W17,W1285,W19,W930,W24,D15
W480,W1200,W32,W45,W1129,W1085,W387,W1014,W253,W434,W1287,W1174,W328,W408,W1043,W112,W347,W24,D20
W110,W111,W112,W113,W627,W1043,W112,W385,W19,W26,W24,D15,
W204,W111,W235,W516,W1306,W1307,D16
W235,W12,W1310,W1311,W12,W1312,D1
W47,W46,W12,W306,W12,W1075,W1325,W1305,W1270,W461,D4
W358,W386,W112,W450,W1371,W38,W867,W13,W1020,W24,D12
W90,W112,W113,W609,W1020,W1118,W38,W221,W972,W341,W1017,W204,W64,W24,D15
W1032,W1386,W241,W47,W977,W1387,W167,W13,W5,W1388,W17,W1389,W24,D12,
W13,W1392,W19,W1393,W64,W57,W13,W1043,W1044,W1096,W28,W1394,W97,W1141,W604,W24,D20
W446,W1395,W12,W300,W1396,W57,W731,W42,W927,W1397,W93,W937,W1398,W97,W1130,W12,W47,W1399,W24,D20,
W1412,W97,W1413,W1414,W32,W1003,W577,W375,W940,W42,W1415,W574,W97,W1162,W24,D15,
W46,W1425,W236,W13,W1305,W251,W19,W1426,W540,W1427,W12,W13,W216,W19,W1029,W12,W429,W1428,W24,D12,
W46,W47,W206,W1439,W46,W1440,W804,W93,W1338,W97,W1409,W173,W24,D15,
W1460,W245,W1117,W574,W206,W1461,W1449,W93,W13,W1020,W12,W97,W45,W17,W1462,W64,W32,W281,W1463,W24,D15
W28,W64,W17,W430,W446,W954,W97,W1117,W1395,W1399,W32,W1467,W28,W1270,W1315,W36,W1017,W24,D20
W45,W1473,W801,W433,W287,W32,W1474,W301,W1475,W36,W13,W1020,W97,W36,W1338,W173,W24,D12,
W13,W1243,W47,W1487,W1488,W13,W610,W626,W12,W225,W64,W24,D20
W13,W1506,W1507,W744,W26,W1508,W17,W1509,W93,W1510,W1511,D12,
W1004,W1538,W401,W1516,W1517,D20,
W1571,W949,W1586,W1587,W19,W391,W93,W13,W1573,W512,W1275,W951,W97,W1428,W1389,W24,D20
W289,W46,W12,W124,W12,W1141,W24,D3,
W1571,W12,W124,W12,W470,W38,W32,W17,W28,W1627,W426,W24,D16
W17,W1528,W12,W13,W1512,W1573,W1666,W1667,W13,W1042,W1563,W1277,W1011,W983,W24,D20,
W434,W1526,W1011,W227,W32,W7,W427,W26,W1677,W19,W13,W800,W24,D20,
W90,W1697,W434,W13,W494,W404,W1010,W19,W106,W494,W97,W836,W28,W1698,W17,W391,W93,W1553,W132,W24,D20
W13,W1796,W32,W45,W1004,W32,W281,W312,W13,W532,W19,W1797,W36,W13,W330,W19,W910,W24,D20
W45,W1798,W47,W328,W335,W38,W13,W314,W932,W24,D20
W122,W32,W206,W1014,W253,W408,W475,W385,W1044,W17,W1730,W1731,W433,W1832,W24,D16,
W13,W228,W187,W45,W47,W105,W45,W122,W617,W13,W1796,W17,W1264,W1265,W32,W1810,W24,D12,
W93,W1783,W1784,W641,W12,W13,W1298,W47,W281,W1101,W19,W28,W1960,W595,W901,D20,
W34,W349,W387,W45,W1128,W1966,W1058,W17,W133,W24,D12
W427,W90,W495,W17,W13,W1411,W12,W1124,W1043,W1982,W13,W1983,W2,W1984,W1985,W1986,W1343,W2,W1987,W24,D12
W13,W1983,W2,W1984,W627,W1846,W17,W13,W133,W1988,W512,W1428,W1989,W97,W1990,W1991,W24,D20,
W170,W2004,W755,W36,W748,W24,W188,D20,
W183,W1014,W183,W1124,W1043,W387,W12,W90,W97,W90,W2005,W168,W47,W32,W2006,W38,W133,W24,D20
W97,W12,W111,W1138,W516,W851,W12,W1982,W2010,W1343,W2009,W32,W1120,W62,D12
W46,W111,W112,W113,W1138,W526,W2011,W112,W122,W24,D15
W36,W2015,W12,W112,W87,W387,W45,W1124,W1043,W874,W2016,W253,W495,W17,W242,W408,W1128,W1966,W461,D20,
W803,W154,W38,W665,W13,W1632,W24,D1,
W111,W1043,W516,W297,W1411,W37,D28
W167,W87,W1285,W36,W111,W2024,W516,W2025,W12,W755,W32,W13,W1632,D12,
W475,W112,W87,W435,W387,W434,W1124,W1125,W111,W1043,W516,W495,W17,W13,W1976,W297,W1411,W461,D16
W45,W90,W111,W112,W113,W105,W49,W36,W323,W17,W2026,W461,D16
W45,W90,W288,W28,W2027,W461,D12
W45,W90,W2028,W336,W90,W17,W461,D15,
W68,W526,W36,W13,W1757,W12,W755,W12,W17,W2036,W12,W32,W475,W1043,W112,W4,D4
W13,W667,W928,W2037,W13,W1411,W17,W1339,W2038,W24,D12
W889,W2039,W12,W90,W369,W28,W2040,W778,W19,W1398,W24,D20,
W1586,W218,W19,W2041,W1398,W24,D20
W2042,W2,W397,W218,W19,W2043,W1398,W24,D12
W2044,W2,W228,W218,W19,W1343,W2,W1987,W1398,W24,D12
W45,W32,W146,W218,W38,W369,W93,W12,W97,W149,W32,W131,W1398,W778,W931,W17,W183,W787,W24,D15,
W122,W32,W2036,W2,W495,W130,W24,D3,
W57,W13,W495,W122,W32,W401,W12,W1043,W47,W1058,W946,W55,W37,W24,D12
W113,W55,W37,W19,W2045,W24,D12
W138,W1398,W12,W1043,W1115,W1982,W12,W2046,W49,W232,W19,W2047,W17,W1983,W2,W1984,W2009,W24,D20
W183,W90,W112,W12,W90,W2048,W1372,W1824,W90,W297,W1411,W1846,W2049,W24,D12
W15,W13,W495,W12,W2050,W32,W2051,W38,W2048,W28,W1831,W19,W1197,W1372,W38,W2052,W46,W2053,W2054,W24,D12
W1043,W2055,W2059,W1372,W17,W1991,W2,W2060,W24,D20,
W90,W2055,W2066,W1372,W17,W2060,W2,W1857,W24,D20,
W97,W90,W2055,W2067,W1372,W17,W1857,W2,W2068,W24,D12
W112,W87,W387,W45,W461,D12,
W1043,W1181,W36,W2077,W38,W335,W38,W2026,W38,W130,W154,W28,W2078,W1296,W24,D20,
W90,W2079,W127,W280,W1965,W24,D12
W494,W17,W2068,W12,W149,W32,W28,W575,W2085,W19,W2086,W12,W494,W2084,W280,W24,D6
W494,W13,W133,W1503,W32,W2087,W1248,W12,W97,W13,W1976,W2088,W32,W412,W2086,W17,W2089,W1097,W24,D3,
W17,W1632,W12,W87,W32,W867,W46,W1090,W46,W840,W24,W494,D20
W68,W1043,W844,W1982,W24,D12,
W347,W12,W15,W90,W264,W12,W90,W32,W797,W2077,W38,W335,W24,D17,
W427,W90,W1846,W12,W1043,W875,W76,W2104,W183,W28,W2086,W24,D12
W97,W28,W2068,W2105,W498,W1043,W494,W28,W2118,W1343,W1987,W2086,W97,W127,W24,W494,D16
W2130,W32,W2131,W1083,W38,W1868,W2132,W111,W122,W32,W2133,W345,W113,W17,W1144,W24,D15
W328,W12,W138,W13,W2125,W2135,W2142,W12,W13,W2143,W47,W505,W38,W1043,W24,D19,
W111,W45,W32,W2112,W24,D28,
W34,W348,W387,W183,W125,W183,W34,W433,W24,D12,
W97,W1776,W2144,W1966,W31,W689,W253,W19,W90,W927,W1757,W183,W787,W24,D3
W2145,W1890,W32,W28,W2146,W2147,W2148,W36,W297,W2149,W24,D4,
W90,W2150,W1203,W17,W13,W2151,W515,W218,W24,D20,
W228,W218,W38,W259,W398,W97,W13,W1041,W2152,W17,W13,W100,W32,W2153,W12,W1820,W2154,W2155,W24,D20,
W110,W2156,W13,W405,W19,W54,W31,W1582,W183,W89,W28,W428,W32,W2157,W26,W218,W24,D20,
W300,W2168,W2167,W47,W489,W32,W1603,W215,W345,W1383,W17,W300,W376,W24,D12
W13,W180,W2228,W956,W270,W170,W2229,W97,W2230,W188,W32,W2218,W559,W2231,W13,W2228,W640,W24,D16
W110,W861,W45,W31,W32,W13,W1781,W507,W24,D20,
W1032,W1280,W746,W32,W125,W2242,W408,W475,W122,W470,W24,D12,
W90,W280,W45,W2269,W32,W13,W334,W2270,W1702,W24,D20
W496,W1368,W383,W13,W5,W12,W347,W437,W13,W2189,W81,W301,W2271,W170,W183,W17,W764,W188,W24,D20,
W244,W42,W2272,W45,W259,W32,W2273,W38,W949,W1277,W1366,W24,D20
W300,W19,W26,W2303,W47,W32,W2308,W97,W2192,W401,W13,W429,W55,W37,W24,D4,
W1,W2,W2315,W47,W2320,W259,W97,W32,W17,W337,W1819,W93,W13,W119,W24,D16,
W13,W2315,W791,W441,W1667,W38,W32,W866,W13,W316,W19,W1,W2,W2309,W2321,W246,W325,W81,W24,D12,
W13,W2328,W367,W55,W218,W38,W32,W1436,W57,W13,W1072,W1411,W24,D20,
W1,W2,W2336,W32,W56,W17,W259,W97,W32,W328,W280,W38,W47,W1106,W694,W26,W2337,W24,D16
W110,W707,W1329,W2300,W38,W32,W13,W334,W2338,W2339,W38,W28,W317,W64,W24,D20,
W13,W2189,W111,W433,W113,W438,W1078,W13,W244,W12,W97,W2340,W2341,W24,D20
W441,W2345,W32,W113,W28,W2346,W12,W149,W32,W281,W1362,W23,W512,W13,W55,W24,D20
W851,W2347,W2348,W2349,W461,D1,
W170,W494,W15,W496,W110,W452,W28,W795,W24,D3,
W110,W1206,W13,W66,W119,W32,W1582,W36,W110,W24,D20
W328,W110,W452,W28,W795,W1035,W24,W494,W188,D12,
W909,W19,W283,W391,W12,W2348,W47,W32,W367,W301,W2355,W57,W2356,W59,W24,D15,
W110,W111,W433,W113,W788,W46,W1580,W38,W112,W26,W24,D15,
W43,W69,W254,W47,W32,W1848,W1200,W1198,W434,W111,W2348,W516,W2357,W93,W28,W1482,W2358,W24,D3
W183,W1282,W183,W429,W218,W13,W59,W1053,W604,W46,W47,W281,W2359,W90,W47,W1544,W13,W187,W24,D20,
W289,W2360,W577,W13,W2361,W12,W2348,W2362,W90,W982,W97,W2208,W90,W321,W2363,W12,W13,W66,W119,W24,D19
W289,W347,W12,W2378,W45,W111,W69,W113,W47,W1775,W90,W2379,W12,W909,W2348,W32,W113,W2372,W24,D17,
W2348,W433,W32,W797,W49,W12,W289,W2372,W111,W433,W113,W24,D15
W170,W1181,W2074,W2385,W434,W13,W2377,W24,W188,D20,
W97,W38,W45,W128,W111,W112,W113,W441,W387,W46,W340,W12,W113,W441,W45,W24,D13
W289,W31,W2348,W32,W797,W49,W461,D16,
W13,W905,W666,W32,W45,W2348,W433,W1105,W32,W866,W38,W28,W2396,W2172,W2,W70,W2397,W17,W2398,W24,D20
W2132,W283,W28,W866,W32,W1667,W345,W145,W69,W104,W281,W181,W252,W2399,W69,W113,W32,W1058,W347,W24,D3
W68,W2402,W2348,W666,W32,W949,W1931,W12,W17,W2360,W2355,W24,D3
W2372,W32,W253,W408,W28,W1795,W24,D12,
W90,W608,W2407,W13,W2408,W2409,W19,W13,W494,W428,W154,W109,W24,W494,D20
W68,W90,W1160,W31,W1119,W2410,W24,D16,
W110,W470,W38,W322,W13,W2422,W32,W38,W2412,W2423,W24,D20,
W765,W350,W2451,W12,W350,W2451,W765,D12,
W347,W2474,W2475,W2476,W39,W38,W13,W2477,W24,D16,
W1582,W70,W122,W32,W2505,W1032,W84,W370,W17,W2506,W2507,D1,
W731,W2508,W12,W230,W1283,W17,W2509,W550,W2510,W2192,D20
W89,W110,W32,W2555,W111,W110,W69,W537,W2348,W38,W64,W38,W1294,W493,W49,W149,W24,D15,
W2556,W12,W494,W493,W494,W765,D15
W13,W2563,W689,W1895,W12,W105,W90,W2564,W17,W13,W2565,W94,W12,W32,W559,D15,
W328,W111,W45,W32,W28,W660,W110,W433,W2567,W38,W24,D16,
W87,W435,W336,W110,W1206,W12,W110,W2568,W803,W26,W2569,W24,D12
W13,W337,W321,W66,W19,W616,W111,W32,W113,W475,W122,W553,W38,W32,W24,D15,
W110,W70,W2572,W2569,W24,D20,
W2220,W2573,W383,W290,W128,W1138,W13,W2261,W383,W2569,W24,D20,
W2574,W111,W45,W32,W28,W2575,W2569,W12,W110,W206,W47,W28,W2576,W434,W2577,W2578,W2579,W2580,D3
W87,W433,W2573,W122,W383,W4,W2577,W2578,W2579,W2580,D12
W26,W32,W28,W2581,W2569,W24,D16
W26,W666,W32,W19,W644,W38,W87,W110,W47,W28,W1094,W2579,W2580,W1846,W24,D16,
W122,W2582,W125,W2103,W2580,W2583,W24,D15,
W111,W110,W31,W32,W2584,W38,W39,W81,W24,D28,
W2574,W110,W526,W2585,W87,W2569,W24,D15,
W110,W206,W47,W28,W2580,W2586,W2569,W912,W2576,W24,D12
W110,W377,W1379,W93,W2580,W2586,D12
W2220,W39,W97,W2573,W122,W383,W89,W87,W336,W13,W495,W62,D20
W110,W32,W1061,W36,W2261,W501,W2587,W97,W114,W26,W660,W24,D12
W87,W433,W112,W122,W24,D12,
W97,W111,W122,W32,W113,W299,W38,W112,W774,W89,W87,W387,W457,W24,D16
W111,W112,W113,W1138,W26,W2227,W87,W57,W1078,W15,W1065,W367,W28,W1582,W24,D28,
W2605,W183,W13,W2606,W19,W13,W2607,W2608,W333,W2609,W17,W12,W1011,W939,W47,W1467,W39,W1277,W2610,W24,D21
W17,W324,W325,W12,W1032,W2611,W47,W406,W2612,W24,D12
W35,W154,W111,W1004,W516,W1548,D1
W122,W32,W254,W12,W289,W113,W725,W12,W45,W46,W31,W32,W2645,W38,W2637,W24,D12
W354,W32,W2649,W17,W13,W939,W1905,W45,W13,W2607,W2608,W32,W113,W334,W2650,W93,W2637,W1588,W24,D12,
W13,W2429,W97,W302,W2692,W17,W349,W2654,W24,D20,
W122,W32,W321,W115,W45,W13,W1512,W1573,W47,W2678,W28,W1003,W2697,W305,W1264,W2696,W24,D15,
W26,W32,W113,W2698,W38,W1730,W1731,W24,D15
W1536,W13,W111,W1548,W516,W2740,W2741,W2742,W12,W122,W32,W2743,W457,W2744,W1730,W1731,W47,W32,W24,D27,
W183,W13,W2606,W19,W13,W2607,W2608,W333,W2609,W17,W12,W1011,W939,W47,W1467,W39,W1277,W2610,W24,D17,
W17,W324,W325,W12,W1032,W2611,W47,W406,W2612,W24,D12
W1011,W111,W939,W516,W2768,W1253,W17,W1379,W93,W13,W1524,W32,W2769,W24,D20
W13,W302,W32,W280,W38,W2253,W38,W13,W1524,W97,W494,W131,W51,W574,W494,W24,D20
W13,W1061,W2,W97,W2,W1383,W972,W32,W1932,W383,W57,W13,W1011,W119,W138,W2775,W264,W204,W1571,W24,D4
W17,W2776,W12,W1524,W275,W17,W13,W2607,W2653,W32,W787,W2777,W38,W1109,W247,W24,D20
W13,W150,W1524,W2778,W647,W32,W354,W17,W13,W328,W2,W2779,W2780,W17,W749,W24,D16
W183,W32,W1524,W2792,W2793,W12,W13,W2794,W776,W1032,W1160,W15,W2746,W38,W2795,W24,D16
W1161,W344,W32,W2329,W12,W1375,W2253,W38,W13,W2672,W1410,W111,W999,W516,W2823,W24,D20
W1586,W2824,W78,W32,W204,W13,W2640,W640,W19,W2637,W24,D12,
W13,W2135,W32,W84,W1824,W111,W2825,W516,W2826,W17,W1856,W24,D20
W2831,W12,W2787,W406,W13,W111,W1524,W516,W180,W2832,W746,W24,D15
W401,W13,W217,W721,W12,W1856,W47,W2842,W1079,W301,W28,W604,W19,W2843,W24,D15,
W90,W206,W657,W36,W2887,W12,W111,W1004,W516,W1515,W2,W308,W2888,W2882,W24,D12,
W25,W2889,W206,W47,W38,W1379,W93,W13,W630,W49,W2890,W512,W1004,W97,W910,W17,W963,W24,D15
W926,W59,W2187,W149,W32,W183,W300,W183,W2896,W2897,W634,W746,W17,W2892,W97,W480,W1195,W17,W2893,W24,D20
W494,W149,W47,W281,W1904,W32,W149,W2757,W46,W32,W2898,W910,W12,W2899,W280,W28,W926,W59,W24,D6,
W1553,W1004,W97,W963,W263,W13,W2187,W24,D20
W2889,W12,W925,W317,W2288,W2905,D1
W2899,W388,W32,W2940,W2941,W12,W2940,W2942,W97,W2943,W2944,W461,W2899,D20,
W1043,W32,W354,W38,W47,W1181,W28,W2945,W925,W24,D12
W349,W397,W32,W2844,W933,W345,W46,W969,W97,W387,W38,W32,W438,W17,W910,W24,D20
W2899,W1043,W32,W120,W787,W2032,W167,W13,W2929,W12,W2899,W13,W2936,W280,W24,D13,
W2889,W32,W2106,W2949,W15,W13,W1751,W24,D15
W736,W347,W90,W47,W280,W111,W910,W516,W1727,W32,W416,W24,D20
W306,W926,W59,W2954,W45,W13,W2955,W32,W2956,W38,W13,W2957,W2929,W24,D15
W306,W149,W32,W404,W592,W19,W28,W2964,W154,W13,W910,W132,W24,D12,
W925,W47,W1732,W2756,W45,W13,W66,W47,W386,W1643,W2978,W939,W434,W933,W216,W452,W17,W962,W24,D15,
W45,W124,W666,W776,W24,D15,
W46,W2990,W348,W206,W1643,W723,W2991,W36,W910,W38,W867,W13,W505,W19,W1430,W933,W24,D20,
W2900,W59,W2992,W13,W2993,W154,W950,W50,W19,W2965,W1235,W2994,W2995,W183,W13,W317,W2765,W1613,W24,D20,
W2889,W206,W47,W38,W1379,W93,W13,W630,W49,W2890,W512,W1004,W97,W910,W17,W963,W24,D12,
W926,W59,W2187,W149,W32,W183,W300,W183,W2896,W2897,W634,W746,W17,W2892,W97,W480,W1195,W17,W2893,W24,D20
W494,W46,W47,W281,W1904,W32,W149,W2757,W46,W32,W2898,W910,W12,W2899,W280,W28,W926,W59,W24,D6,
W1553,W1004,W97,W963,W263,W13,W2187,W24,D20
W3002,W66,W2936,W97,W927,W59,W47,W3003,W1004,W206,W24,D12,
W1419,W17,W3011,W2988,W45,W3010,W69,W1827,W97,W347,W32,W1027,W1028,W204,W13,W996,W24,D15,
W3010,W329,W38,W1667,W13,W1409,W2586,W183,W90,W3012,W3013,W3007,W886,W90,W38,W2107,W341,W2889,W24,D20,
W2900,W59,W280,W13,W5,W47,W1079,W401,W2178,W1692,W6,W97,W399,W38,W3024,W24,D20
W306,W1235,W2966,W2954,W13,W66,W2729,W1175,W281,W1016,W38,W1419,W24,D15,
W2899,W34,W47,W28,W120,W286,W152,W19,W6,W17,W3024,W93,W28,W469,W399,W12,W2899,W280,W2966,W24,D7
W2899,W963,W47,W47,W13,W1471,W19,W1545,W204,W1553,W13,W66,W97,W1419,W24,D15,
W300,W933,W438,W17,W963,W2234,W36,W1165,W2889,W24,D20
W468,W19,W45,W104,W13,W1191,W47,W441,W3066,W2,W3067,W12,W754,W1364,W24,D27,
W345,W46,W111,W32,W113,W356,W97,W32,W526,W2869,W24,D17,
W289,W38,W3068,W13,W3069,W19,W26,W150,W2869,W32,W38,W1273,W1285,W301,W1032,W3070,W24,D11,
W90,W47,W386,W438,W17,W28,W428,W3074,W24,D15,
W89,W246,W19,W1128,W111,W1966,W516,W3075,W32,W3076,W12,W1043,W875,W281,W3075,W24,D17
W45,W32,W13,W3070,W19,W13,W3084,W188,W24,D15,
W1966,W1775,W28,W111,W1397,W516,W881,W159,W1277,W419,W24,D20,
W1043,W112,W281,W283,W493,W24,D20
W475,W32,W1043,W112,W93,W90,W3085,W461,D15
W90,W32,W3086,W70,W28,W3087,W12,W1636,W392,W12,W301,W13,W3088,W2047,W24,D12,
W90,W797,W281,W1846,W38,W2008,W12,W1273,W432,W12,W97,W112,W113,W441,W3089,W984,W3090,W24,D20
W170,W3107,W354,W45,W1043,W1936,W90,W3108,W12,W494,W1138,W84,W2210,W62,W494,W188,D12
W45,W3098,W32,W334,W228,W840,W24,D20,
W1043,W47,W28,W3109,W3110,W24,D20
W90,W2106,W2568,W12,W183,W2321,W12,W2214,W2324,W24,D12
W90,W47,W2106,W335,W154,W2568,W7,W330,W154,W28,W2242,W3116,W17,W64,W24,D15,
W2429,W2192,W433,W654,W13,W3117,W19,W13,W344,W38,W1513,W1450,W3118,W70,W3119,W24,D20
W55,W721,W19,W3120,W90,W3121,W3122,W17,W2485,W292,W3123,W3069,W47,W222,W1043,W3124,W3125,W24,D20
W2132,W90,W32,W1075,W2073,W427,W26,W3142,W32,W3143,W24,D16,
W494,W3152,W3149,W1536,W170,W3153,W3154,W3155,W188,W2,W3156,W1428,W2159,W12,W1312,W2542,D12
W111,W3156,W516,W3164,W3165,W47,W26,W354,W434,W3161,W111,W1043,W516,W495,W154,W45,W1296,W24,D28
W3180,W3181,W3182,W170,W731,W1296,W3183,W188,W4,D1,
W90,W69,W240,W3184,W3185,W97,W246,W321,W3186,W24,D12
W90,W32,W1732,W1543,W38,W335,W383,W154,W13,W413,W24,D15,
W154,W13,W3187,W12,W87,W168,W555,W90,W3188,W24,D12
W122,W32,W28,W1154,W3188,W24,D16
W289,W90,W526,W3189,W93,W3190,W24,D15,
W3192,W3193,W1072,W32,W326,W19,W28,W3194,W3195,W17,W45,W398,W24,D12,
W111,W3141,W516,W1280,W19,W13,W269,W1674,W90,W38,W32,W3196,W3197,W111,W3198,W516,W3199,W1041,W24,D28,
W17,W310,W12,W3141,W406,W533,W97,W3200,W3201,W93,W3161,W111,W1043,W516,W3202,W12,W347,W3203,W1043,W24,D20
W122,W32,W3161,W111,W1043,W516,W1097,W38,W1438,W13,W1072,W3206,W3207,W17,W13,W3208,W2026,W3206,W24,D3,
W289,W1488,W2026,W12,W149,W32,W1072,W97,W2122,W128,W1580,W38,W867,W3140,W3141,W24,D3
W3169,W280,W26,W1097,W867,W3161,W1043,W617,W457,W441,W17,W28,W3213,W2078,W1296,W12,W1267,W32,W1109,W24,D20
W3146,W280,W45,W17,W28,W1296,W2036,W19,W3216,W3183,W12,W3161,W1043,W32,W113,W228,W19,W46,W24,D20,
W138,W90,W114,W383,W204,W3227,W2035,W12,W3146,W1009,W38,W391,W38,W3161,W1043,W434,W122,W24,D12
W3161,W3218,W4,W1124,W111,W112,W113,W47,W385,W644,W15,W349,W17,W391,W434,W13,W927,W24,D1
W17,W1632,W12,W417,W110,W3228,W13,W3229,W93,W90,W12,W90,W1038,W776,W13,W3229,W24,D20,
W3167,W4,W1014,W204,W1154,W97,W310,W12,W3231,W12,W3161,W1043,W2568,W90,W2406,W24,D1
W90,W2158,W28,W2591,W2113,W552,W130,W154,W13,W1296,W24,D20,
W90,W335,W383,W17,W13,W2557,W97,W47,W28,W337,W495,W24,D20
W3161,W3218,W4,W330,W47,W649,W160,W19,W418,W13,W398,W17,W385,W278,W24,D1,
W3167,W4,W3146,W280,W13,W3247,W93,W430,W3161,W1043,W3248,W13,W3229,W32,W984,W2,W3249,W38,W90,W24,D1
W110,W1206,W122,W2080,W97,W12,W3252,W12,W3253,W24,D20
W97,W90,W69,W1732,W3267,W434,W45,W24,W494,D16,
W3165,W3268,W2139,W45,W3168,W3169,W111,W112,W113,W851,W1124,W904,W3269,W659,W24,D12,
W90,W32,W934,W38,W3270,W93,W3146,W97,W3271,W90,W24,D12,
W370,W12,W721,W19,W26,W1133,W19,W3272,W112,W113,W222,W28,W344,W3273,W24,D27,
W34,W626,W32,W17,W1066,W97,W34,W2910,W32,W17,W1363,W24,D20
W122,W348,W113,W32,W222,W17,W13,W982,W19,W28,W1397,W128,W874,W90,W881,W70,W26,W24,D16
W417,W13,W379,W32,W154,W419,W93,W13,W3274,W3275,W19,W1397,D3
W526,W851,W45,W703,W32,W113,W13,W1365,D20
W97,W87,W1061,W17,W2401,W38,W114,W526,W228,W3264,W3276,W1470,D12
W526,W851,W45,W703,W32,W113,W13,W1365,W2,W3277,W3278,D20,
W3279,W110,W111,W112,W113,W47,W495,W3280,W38,W3248,W26,W12,W289,W246,W659,W1101,W3281,W4,D1
W170,W206,W627,W26,W3286,W154,W13,W3287,W1606,W3288,W188,W4,D12
W289,W13,W1161,W3292,W19,W302,W47,W3293,W24,D5,
W3294,W36,W13,W1379,W38,W335,W3295,W32,W797,W57,W13,W66,W1852,W19,W2886,W24,D17
W289,W13,W130,W32,W3296,W383,W3297,W28,W3298,W1146,W19,W1473,W302,W3299,W24,D16,
W89,W26,W1220,W47,W335,W2553,W111,W122,W32,W28,W3309,W3112,W24,W494,D16
W149,W32,W2486,W45,W246,W666,W47,W32,W3321,W984,W24,W494,D20
W13,W3300,W3301,W32,W3324,W12,W97,W2391,W12,W111,W122,W32,W228,W19,W3325,W111,W3326,W516,W24,D12,
W3342,W12,W28,W111,W2955,W32,W32,W836,W17,W13,W357,W19,W3343,W3344,W3345,W3346,W24,D4,
W97,W111,W122,W32,W3347,W4,D15
W494,W90,W222,W28,W2961,W36,W462,W38,W627,W765,W2378,W38,W3386,W568,W24,W494,D12
W204,W111,W3394,W516,W1209,W154,W13,W3346,W2498,W4,D15
W417,W3402,W97,W3403,W3404,W3405,W12,W432,W776,W24,D16
W13,W2552,W1220,W12,W111,W3346,W516,W3406,W3407,W4,D12
W3394,W32,W952,W17,W1242,W24,D12
W141,W97,W3384,W47,W13,W1060,W24,D15,
W13,W31,W32,W480,W3422,W24,D20
W246,W112,W12,W3423,W24,D15,
W111,W45,W32,W374,W13,W3425,W19,W45,W128,W111,W112,W113,W24,D28,
W795,W19,W2133,W659,W383,W149,W3280,W3426,W774,W3427,W3428,W97,W28,W469,W337,W3429,W36,W45,W2498,W24,D3
W47,W87,W537,W26,W38,W298,W1820,W461,D12
W391,W434,W3264,W3265,W113,W47,W13,W31,W765,D1,
W494,W111,W149,W32,W281,W3319,W3320,W17,W488,W494,W3504,D12,
W281,W1101,W38,W1315,W24,D20,
W111,W110,W32,W2584,W26,W543,W19,W493,W335,W154,W349,W13,W495,W24,D28
W34,W328,W505,W87,W38,W87,W3505,W3506,W3507,W774,D12
W526,W335,W755,W12,W111,W122,W32,W1038,W2743,D20,
W110,W1733,W70,W2342,W2423,W3283,W24,D20,
W347,W12,W19,W566,W12,W149,W32,W13,W679,W13,W2461,W112,W113,W555,W434,W17,W13,W3346,W608,W765,D4
W3171,W457,W246,W493,W32,W3510,W1093,W57,W787,W2,W1658,W3384,W765,D1,
W2378,W909,W46,W1521,W15,W28,W2242,W3511,W912,W2697,W19,W3512,W912,W3376,W3513,W461,D15
W19,W566,W3264,W3265,W47,W623,W3516,W3517,W417,W78,W32,W367,W1242,W17,W13,W275,W1364,W24,D3
W122,W32,W13,W3520,W984,W19,W2113,W2531,W38,W321,W1397,W1361,W916,W2251,W45,W3521,W110,W24,D20
W17,W13,W3444,W3445,W3522,W90,W3525,W158,W89,W13,W3526,W3527,W90,W345,W38,W3528,W13,W317,W3526,W24,D16
W3526,W3456,W214,W97,W3529,W3530,W15,W13,W350,W495,W24,D20,
W28,W3194,W855,W19,W3531,W32,W105,W49,W17,W45,W574,W253,W408,W2297,W2035,W17,W13,W626,W24,D12,
W13,W3535,W3536,W46,W38,W844,W3537,W289,W46,W280,W46,W47,W38,W1115,W13,W500,W3538,W24,D20
W1582,W49,W3539,W3540,W36,W253,W2587,W24,D1
W206,W1582,W49,W13,W3541,W791,W24,D20,
W281,W228,W32,W1191,W36,W6,W3214,W12,W334,W13,W3545,W24,D20
W68,W34,W494,W1527,W494,W246,W1220,W461,D15
W111,W122,W32,W28,W337,W493,W124,W24,D28
W34,W111,W69,W113,W1580,W45,W51,W38,W56,W383,W19,W3546,W38,W421,W15,W34,W24,D15,
W347,W13,W428,W389,W844,W858,W349,W45,W3547,W3548,W69,W526,W3549,W24,D16
W46,W435,W32,W3554,W13,W3328,W3555,W507,W12,W111,W32,W113,W46,W461,D15
W526,W480,W150,W64,W3556,W3557,W12,W3558,W461,D3,
W110,W1601,W45,W111,W122,W32,W3518,W3564,W36,W13,W3565,W45,W346,W32,W2722,W93,W3562,W3563,W24,D20,
W66,W3566,W1692,W1896,W12,W939,W38,W64,W109,W574,W12,W939,W59,W280,D20
W28,W187,W3572,W13,W216,W122,W47,W12,W290,W533,W765,D20,
W97,W3573,W848,W13,W1409,W170,W113,W42,W188,W109,W574,W17,W1198,W848,W32,W1401,W3574,W28,W3522,W4,D32
W183,W13,W216,W70,W38,W1871,W12,W13,W3575,W32,W28,W791,W1174,W24,D15
W170,W2899,W34,W47,W397,W3576,W19,W3577,W4,W3578,W12,W214,W12,W3530,W24,W2899,W188,D15,
W791,W1562,W32,W609,W154,W1127,W392,W97,W235,W24,D20
W300,W19,W13,W550,W32,W537,W38,W3575,W3451,W12,W2671,W17,W3582,W24,D3
W46,W1580,W38,W3606,W46,W97,W588,W46,W24,W2899,D20
W3614,W3487,W87,W154,W13,W3615,W19,W45,W3344,W2498,W4,W3616,D20
W3618,W3619,W12,W3620,W32,W28,W3621,W3622,W3623,W3624,W93,W3625,W1099,W24,D11
W111,W45,W32,W349,W110,W387,W252,W111,W110,W47,W47,W432,W38,W112,W93,W122,W24,D28,
W1043,W1603,W104,W3626,W1582,W337,W17,W3550,W24,D12,
W345,W326,W70,W45,W24,D20,
W567,W12,W111,W122,W32,W3631,W434,W3629,W97,W3630,W24,D4,
W97,W111,W34,W31,W336,W641,W38,W45,W24,D15,
W111,W122,W32,W406,W28,W3586,W19,W3635,W848,W113,W2509,W3635,W252,W722,W3635,W24,D28
W13,W3300,W3301,W32,W3324,W12,W97,W2391,W12,W111,W122,W32,W228,W19,W3325,W111,W3326,W516,W24,D12,
W13,W3644,W2644,W36,W3324,W32,W526,W28,W3645,W2507,W1196,W36,W338,W38,W412,W246,W747,W301,W122,W774,D12
W68,W765,W412,W246,W747,W17,W149,W24,D12
W87,W387,W12,W2543,W1086,W28,W3636,W24,W3647,D20,
W110,W2588,W12,W3640,W24,D20,
W457,W32,W1424,W19,W703,W97,W1335,W765,W3635,W24,D17
W475,W434,W111,W3648,W516,W3649,W2833,W13,W2961,W12,W494,W7,W87,W786,W494,W24,D1
W97,W32,W13,W3650,W1945,W2232,W383,W26,W494,W722,W3635,W494,W417,W46,W3651,W2552,W46,W3652,W24,D3,
W46,W32,W703,W3628,W3606,W3653,W12,W3654,W3158,W13,W703,W3628,W3655,W12,W3656,W765,W3635,W24,D3
W68,W12,W3640,W1288,W24,D1,
W110,W3660,W13,W3661,W3662,W19,W13,W2869,W3663,W17,W26,W3664,W24,D20,
W13,W3665,W3666,W19,W1940,W12,W3667,W3668,W24,D12,
W3681,W32,W224,W765,W312,W438,W3681,W62,D12
W111,W45,W32,W122,W24,D28,
W111,W110,W32,W419,W290,W3682,W24,D28,
W787,W12,W111,W122,W32,W113,W183,W3683,W97,W1362,W1031,W183,W349,W45,W24,D4,
W13,W3689,W3690,W3691,W660,W154,W13,W3692,W3286,W389,W1058,W183,W28,W337,W3042,W1372,W36,W1216,W1606,W24,D15
W13,W694,W1713,W32,W204,W45,W3690,W3664,W4,D12,
W3693,W3484,W32,W3694,W97,W3695,W252,W722,W3484,W32,W3696,W12,W3697,W12,W3698,W12,W3699,W24,D20
W3693,W337,W32,W3699,W252,W722,W337,W32,W1732,W317,W12,W3700,W12,W3701,W24,D20,
W110,W111,W69,W113,W88,W124,W299,W24,D15
W289,W38,W110,W12,W1078,W1198,W12,W46,W1361,W387,W2131,W787,W24,D11,
W38,W113,W3718,W13,W3719,D12,
W858,W755,W110,W32,W1206,W45,W110,W435,W790,W32,W336,W321,W24,D20,
W17,W2160,W3727,W3728,W3729,W97,W3730,W3731,W12,W1553,W526,W2808,W12,W3732,W24,D20,
W13,W141,W97,W300,W19,W46,W533,W526,W1206,W46,W47,W56,W984,W633,W24,D20,
W289,W46,W786,W329,W38,W1667,W26,W24,D15
W281,W228,W433,W754,W110,W417,W110,W280,W45,W2658,W3628,W97,W3668,W32,W1357,W804,D20
W494,W281,W228,W433,W754,W110,W417,W110,W280,W45,W2658,W3628,W97,W3668,W32,W1357,W804,W24,D16
W111,W46,W32,W3748,W12,W494,W90,W280,W24,D28,
W110,W3749,W2588,W12,W97,W69,W3750,W45,W1209,W38,W225,W4,W494,W38,W3397,W93,W703,W3628,W494,W24,D12
W13,W3751,W493,W755,W32,W45,W26,W3752,W32,W1869,W2187,W13,W1435,W76,W2732,W461,W461,W461,W461,W461,D12
W391,W434,W28,W3543,W2,W87,W2,W84,W2,W341,W2,W13,W2,W3234,W1140,W62,D1
W97,W36,W472,W3753,W472,W2277,W12,W1206,W434,W13,W3666,W3754,W32,W75,W24,D5,
W46,W32,W112,W122,W3755,W24,D12
W112,W87,W435,W1206,W3756,W12,W97,W3757,W17,W1041,W32,W3332,W19,W708,W3449,W19,W3758,W19,W3759,W461,D15
W46,W32,W1893,W3764,W24,D15,
W2034,W46,W2187,W32,W28,W2869,W12,W97,W26,W2277,W349,W24,D3
W68,W3761,W441,W1780,W46,W2187,W461,D15,
W26,W334,W1058,W46,W2554,W24,D12
W34,W1101,W38,W32,W253,W472,W3768,W472,W434,W457,W34,W3769,W26,W330,W24,D20,
W627,W46,W183,W46,W32,W12,W113,W36,W475,W46,W2187,W38,W32,W24,D1
W13,W3603,W3784,W1331,W32,W1383,W183,W28,W1751,W24,D15
W111,W755,W32,W28,W3785,W3786,W19,W13,W3787,W3788,W170,W3789,W3790,W188,W3791,W19,W3781,W4,D28
W3799,W32,W206,W13,W3802,W3803,W19,W13,W3804,W3805,W3806,W24,D3
W112,W26,W3815,W1674,W38,W345,W3816,W204,W13,W350,W488,W461,D15
W32,W13,W1798,W3820,W97,W3821,W461,D15,
W112,W13,W1798,W1075,W809,W461,D16
W26,W32,W388,W13,W3822,W2,W968,W1637,W19,W26,W3823,W39,W301,W1021,W24,D12,
W68,W12,W532,W12,W111,W475,W32,W87,W1372,W461,D16
W3761,W111,W112,W113,W87,W604,W122,W461,D16
W290,W1372,W32,W45,W26,W32,W349,W526,W1198,W97,W110,W32,W3825,W183,W38,W13,W1200,W24,D20
W111,W755,W32,W480,W2247,W2015,W4,D28,
W1128,W3826,W204,W3827,W24,D1,
W3826,W363,W17,W1312,W138,W28,W472,W1285,W24,W472,D20
W113,W3284,W2730,W2,W13,W152,W111,W112,W113,W130,W4,D12,
W1145,W3848,W3849,W2730,W12,W3284,W2730,W1658,W2870,W3290,W12,W2273,W36,W226,W3850,W24,D20
W89,W13,W3851,W32,W3289,W3290,W149,W32,W103,W1035,W408,W3852,W24,D3,
W2378,W89,W87,W3854,W87,W1198,W28,W873,W253,W3462,W122,W31,W867,W87,W17,W3855,W13,W1200,W24,D18,
W494,W110,W32,W12,W1356,W110,W1206,W494,W3647,D12,
W354,W204,W13,W18,W388,W3856,W111,W3857,W516,W357,W32,W335,W154,W24,D1
W110,W335,W1767,W13,W3858,W429,W392,W38,W2181,W28,W111,W3859,W516,W92,W97,W3633,W3860,W24,D20
W3861,W97,W3862,W12,W13,W3863,W32,W149,W93,W28,W3864,W24,D5
W55,W2113,W1397,W1832,W747,W434,W13,W3865,W3866,W1382,W24,D12,
W110,W32,W3867,W15,W13,W3868,W46,W1832,W24,D12,
W3869,W2113,W1397,W12,W289,W3870,W1382,W97,W3080,W2,W224,W24,D12
W110,W3051,W1181,W385,W1198,W45,W69,W47,W2051,W2379,W19,W46,W38,W1206,W24,D20,
W122,W69,W47,W32,W124,W789,W38,W2214,W24,D3,
W47,W2008,W803,W13,W3406,W3871,W204,W3872,W38,W1124,W1043,W461,D12
W110,W111,W112,W113,W387,W89,W26,W47,W32,W3874,W24,D15,
W616,W12,W87,W1316,W32,W1269,W12,W2369,W97,W1450,W24,D3,
W2133,W3890,W3891,W434,W111,W1043,W516,W978,W38,W13,W888,W3892,W19,W3893,W4,D12,
W120,W3897,W12,W120,W3898,D20,
W289,W128,W69,W112,W28,W493,W70,W45,W774,W2574,W1196,W28,W3901,D15,
W3902,W3761,W112,W1043,W3903,W3904,W990,W3905,W3280,W461,D16
W3907,W1339,W1195,W12,W3908,W15,W3909,W3154,W3910,D1,
W17,W3911,W13,W3912,W2576,W3280,W12,W110,W1769,W13,W694,W3896,W3294,W4,D20
W110,W111,W433,W113,W707,W149,W32,W281,W645,W3628,W3653,W128,W1870,W3287,W24,D15,
W111,W110,W32,W1546,W19,W151,W301,W26,W3920,W1078,W2832,W12,W111,W45,W32,W36,W3518,W2584,W24,W3647,D28
W36,W2015,W12,W32,W13,W3122,W19,W3809,W3810,W28,W1141,W3929,W1030,W461,D20
W345,W32,W122,W1601,W38,W3930,W32,W28,W1030,W19,W3929,W3931,W461,D15,
W3932,W12,W32,W1968,W2389,W3933,W3428,W97,W3934,W28,W3935,W19,W28,W3936,W97,W3937,W3122,W461,D27
W17,W290,W651,W12,W330,W433,W281,W312,W1881,W38,W2345,W383,W97,W3938,W3939,W3466,W97,W968,W3122,W24,D12
W3949,W34,W3950,W13,W130,W19,W3951,W3952,W3953,W183,W787,W461,D12
W3953,W32,W1776,W228,W19,W13,W496,W472,W703,W3628,W472,W3954,W24,D15,
W3923,W12,W89,W111,W87,W32,W374,W2573,W26,W3286,W4,D4,
W28,W3560,W19,W28,W3955,W2,W3956,W3957,W204,W110,W149,W12,W97,W110,W3958,W36,W290,W3959,W24,D20,
W290,W722,W840,W32,W93,W3960,W954,W12,W19,W385,W1738,W24,D12
W708,W3600,W32,W1120,W2518,W24,D20
W110,W470,W38,W851,W326,W434,W472,W57,W46,W130,W3949,W3968,W387,W46,W24,W494,D20
W3977,W170,W183,W13,W3978,W1935,W188,W112,W113,W3979,W17,W28,W3980,W24,D11
W170,W13,W3989,W19,W1738,W97,W3990,W32,W28,W625,W131,W3615,W774,W188,D19
W2020,W370,W38,W290,W533,W4006,W4007,W36,W2227,W26,W2292,W3297,W2018,W24,D1
W111,W122,W32,W28,W312,W289,W120,W4012,W803,W24,D28
W494,W28,W4013,W204,W13,W4014,W19,W13,W4015,W494,D12
W110,W47,W386,W32,W97,W110,W31,W386,W32,W28,W119,W59,W97,W110,W47,W281,W4025,W747,W24,D15,
W110,W168,W47,W1736,W93,W87,W246,W4028,W1632,W97,W246,W3939,W3706,W434,W13,W1305,W2,W245,W800,W24,D15
W306,W12,W110,W31,W2856,W3000,W122,W334,W17,W2140,W24,D16,
W3761,W112,W110,W412,W2274,W1017,W97,W1032,W658,W4038,W4039,W461,D15
W13,W1722,W128,W363,W17,W13,W1419,W2,W64,W428,W47,W432,W38,W112,W93,W1017,W24,D20,
W358,W359,W112,W113,W3580,W3581,W12,W4046,W599,W600,W97,W4047,W90,W658,W330,W909,W19,W1017,W24,D16,
W4048,W112,W113,W553,W4049,W4050,W341,W4051,W17,W13,W4052,W909,W19,W1017,W24,D15,
W13,W933,W588,W19,W963,W97,W13,W277,W428,W149,W47,W432,W38,W112,W93,W1017,W24,D12,
W46,W47,W28,W440,W376,W2242,W408,W2379,W13,W66,W345,W349,W19,W3739,W24,D20,
W13,W4080,W1808,W19,W552,W32,W1014,W4081,W475,W122,W32,W17,W13,W4082,W3804,W4083,W37,W527,W24,D12,
W13,W4066,W152,W19,W678,W3691,W19,W582,W1722,W245,W32,W1035,W408,W45,W19,W223,W1722,W1305,W24,D12,
W300,W19,W46,W433,W1085,W904,W952,W204,W3114,W12,W289,W32,W3279,W38,W4105,W46,W291,W24,D3
W4110,W921,W24,W13,W496,W249,W32,W13,W1335,W2552,W24,W4110,D20
W441,W138,W1275,W1276,W12,W122,W470,W45,W468,W19,W13,W4082,W3804,W112,W113,W1820,W617,W26,W1220,W24,D12
W122,W32,W28,W120,W4114,W4115,W1220,W24,D4
W1032,W722,W4116,W1353,W32,W4117,W3079,W24,D15
W1275,W1276,W32,W4118,W125,W1035,W4119,W408,W300,W4120,D4
W68,W475,W32,W349,W13,W4123,W434,W1335,W27,W461,D3
W122,W32,W28,W120,W4094,W703,W93,W580,W4126,W97,W4127,W3137,W4128,W4129,W38,W300,W19,W13,W584,W24,D3
W122,W32,W1732,W105,W154,W2559,W17,W2575,W4130,W24,D15
W26,W47,W113,W1820,W118,W13,W4139,W19,W13,W4082,W3804,W24,D16
W13,W1298,W97,W3739,W32,W4140,W4141,W46,W1515,W341,W13,W429,W2552,W12,W113,W13,W1954,W228,W24,D20,
W34,W666,W3465,W36,W13,W337,W1621,W1270,W17,W13,W626,W24,D12
W457,W434,W13,W1053,W38,W13,W2573,W2,W17,W2239,W17,W28,W4145,W2692,W778,W461,D1
W412,W28,W3628,W4144,W17,W1169,W19,W1636,W1408,W4146,W17,W4147,W97,W13,W51,W31,W336,W13,W4148,W24,D1
W97,W122,W32,W28,W428,W62,D16
W475,W32,W250,W13,W1335,W2552,W461,D3,
W1099,W32,W12,W1099,W97,W967,W97,W4159,W2,W4160,W4161,W4097,W12,W432,W2035,W24,D15
W122,W47,W432,W38,W112,W93,W708,W4162,W955,W1737,W24,D20,
W281,W4034,W14,W47,W409,W1294,W568,W49,W24,D12,
W281,W238,W19,W28,W245,W4163,W345,W955,W216,W47,W409,W1294,W568,W49,W24,D20,
W281,W2251,W19,W2008,W4164,W47,W112,W122,W24,D20,
W111,W32,W113,W46,W835,W17,W13,W1471,W19,W335,W38,W4168,W461,D28,
W2402,W12,W46,W537,W4169,W552,W12,W4170,W550,W12,W4171,W330,W97,W2113,W4172,W4173,W24,D15,
W1335,W2552,W206,W47,W432,W38,W112,W93,W3524,W97,W4176,W24,D20
W13,W4078,W640,W17,W13,W626,W12,W57,W1014,W12,W32,W2696,W24,D12,
W122,W386,W528,W149,W24,D12,
W149,W32,W1876,W4177,W330,W17,W13,W626,W12,W17,W649,W3948,W12,W187,W97,W4178,W24,D20,
W4179,W112,W113,W1643,W2008,W93,W2423,W12,W4180,W97,W4181,W24,D15
W87,W111,W433,W113,W4158,W2760,W340,W57,W2329,W13,W873,W2429,W4196,W154,W13,W405,W1915,W24,D15
W87,W790,W335,W138,W13,W84,W19,W13,W494,W791,W494,W24,D12
W13,W314,W932,W617,W26,W328,W12,W138,W1275,W1276,W24,D12,
W719,W32,W369,W38,W617,W122,W24,D12,
W4135,W617,W122,W787,W24,D20,
W110,W32,W120,W125,W3279,W45,W468,W19,W3739,W374,W112,W113,W617,W122,W24,D16,
W17,W290,W4199,W651,W12,W26,W31,W2570,W528,W24,D15
W13,W1111,W1408,W97,W13,W4200,W94,W32,W334,W13,W4201,W24,D12
W13,W4202,W19,W13,W4203,W626,W17,W437,W26,W4204,W32,W4205,W4206,W24,D20
W736,W3739,W4207,W49,W12,W26,W4202,W31,W113,W32,W1477,W24,D12
W4110,W58,W24,W13,W1818,W4208,W32,W2061,W12,W253,W1793,W2869,W24,W4110,D20
W2061,W433,W32,W4119,W24,D15,
W4221,W15,W495,W19,W428,W32,W28,W1667,W1074,W24,D17
W138,W349,W12,W89,W87,W1580,W38,W32,W28,W4231,W12,W149,W32,W4232,W160,W19,W112,W122,W24,D20,
W289,W1722,W19,W4034,W32,W904,W57,W46,W216,W45,W26,W32,W13,W608,W24,D3,
W417,W26,W350,W216,W104,W131,W1209,W12,W13,W2677,W1747,W354,W46,W183,W89,W46,W168,W32,W708,W24,D16
W87,W31,W113,W707,W87,W658,W1122,W24,D15
W289,W2061,W206,W130,W17,W131,W160,W12,W253,W4232,W24,D15,
W346,W32,W498,W494,W3577,W494,W57,W375,W245,W216,W97,W498,W494,W4258,W494,W57,W13,W4265,W688,W24,D12
W4266,W4238,W13,W2232,W289,W1562,W346,W4267,W791,W97,W13,W1099,W4268,W24,D20
W26,W2061,W32,W125,W253,W1120,W408,W300,W330,W4273,W24,D20,
W46,W1643,W28,W4274,W4275,W36,W1861,W24,D20
W122,W32,W4276,W4277,W128,W280,W45,W89,W87,W2775,W28,W2869,W1361,W1444,W12,W330,W31,W707,W122,W24,D12
W90,W32,W328,W32,W4278,W57,W90,W4279,W24,D16,
W4110,W50,W24,W13,W83,W1637,W32,W1099,W24,W4110,D20
W17,W13,W4283,W400,W32,W13,W51,W1364,W24,D15,
W13,W1099,W4186,W46,W2692,W12,W2423,W12,W4284,W97,W1957,W1061,W36,W4285,W2382,W95,W24,D20,
W26,W604,W12,W183,W787,W183,W13,W1020,W4288,W12,W32,W13,W4289,W1847,W19,W13,W4290,W2552,W4291,W24,D20
W13,W4315,W615,W4316,W32,W13,W76,W767,W768,W24,D15
W246,W19,W13,W216,W19,W26,W2485,W400,W438,W120,W4319,W154,W46,W497,W24,D17,
W4110,W226,W24,W13,W4333,W249,W19,W13,W1162,W626,W800,W32,W13,W4066,W4334,W19,W349,W3264,W24,W4110,D20
W131,W1637,W19,W28,W4203,W4346,W790,W206,W47,W4347,W24,D20,
W433,W28,W4348,W416,W419,W154,W338,W934,W38,W7,W90,W461,D15
W433,W28,W119,W3972,W38,W3187,W2248,W19,W51,W97,W2429,W4196,W461,D15,
W112,W1094,W899,W887,W87,W417,W87,W3596,W494,W419,W494,W17,W28,W4143,W1988,W461,D15
W348,W149,W32,W703,W4349,W12,W36,W4213,W4350,W2552,W461,D12,
W26,W32,W13,W321,W2,W4336,W4351,W24,D4
W289,W328,W34,W47,W28,W2063,W317,W414,W24,D15,
W112,W87,W4352,W28,W16,W12,W430,W1058,W183,W28,W51,W2782,W4004,W461,D12
W112,W87,W505,W419,W12,W89,W87,W32,W215,W204,W28,W3358,W461,D12,
W112,W87,W3892,W28,W2509,W367,W401,W57,W51,W128,W367,W13,W3344,W4353,W461,D12,
W112,W87,W1061,W1636,W548,W138,W28,W469,W1335,W4122,W553,W548,W38,W836,W46,W95,W461,D12,
W112,W87,W4354,W1636,W552,W909,W228,W3625,W38,W32,W551,W97,W1932,W28,W1335,W456,W154,W346,W4355,W461,D12
W112,W87,W421,W81,W15,W338,W934,W38,W7,W87,W12,W2107,W3755,W250,W28,W574,W19,W550,W461,D12,
W112,W87,W4352,W51,W3162,W12,W452,W17,W28,W4356,W3358,W461,D12
W112,W87,W421,W28,W4357,W128,W3755,W1079,W204,W228,W1843,W38,W480,W12,W1732,W395,W57,W550,W461,D12,
W349,W19,W26,W528,W2752,W17,W64,W97,W17,W13,W1020,W376,W24,D15,
W475,W112,W87,W112,W461,D15,
W787,W12,W87,W112,W113,W1580,W38,W1326,W13,W4351,W24,D3,
W289,W122,W111,W433,W113,W32,W1091,W24,D3
W13,W4384,W36,W1335,W2552,W348,W32,W703,W345,W2329,W167,W13,W2552,W12,W113,W427,W97,W113,W138,W24,D20
W289,W427,W13,W4385,W3074,W12,W28,W795,W19,W2296,W433,W32,W112,W24,D18
W13,W2169,W110,W520,W755,W32,W113,W2582,W24,D20,
W475,W433,W34,W112,W434,W122,W461,D15,
W17,W13,W3131,W56,W12,W334,W437,W97,W2982,W24,D15
W17,W13,W312,W56,W12,W334,W2188,W13,W1954,W3576,W97,W416,W122,W38,W13,W626,W24,D15,
W13,W4283,W400,W433,W97,W790,W32,W1383,W57,W6,W24,D12,
W13,W4306,W400,W111,W433,W113,W32,W4158,W57,W6,W24,D12,
W417,W87,W47,W28,W4395,W4396,W12,W87,W666,W2293,W13,W4396,W1401,W4397,W24,D12,
W89,W87,W1580,W38,W32,W2584,W12,W122,W32,W337,W38,W112,W1553,W24,D12
W1776,W4042,W348,W32,W615,W38,W13,W270,W24,D16,
W4057,W32,W395,W57,W4135,W12,W64,W12,W1452,W97,W1017,W24,D12
W26,W32,W28,W293,W2741,W776,W97,W122,W1046,W1003,W983,W154,W13,W51,W187,W24,D3
W122,W32,W113,W4407,W45,W1419,W32,W68,W1299,W17,W934,W38,W4172,W28,W173,W4408,W17,W64,W24,D15,
W17,W290,W4199,W651,W12,W13,W152,W228,W1363,W38,W13,W626,W3280,W32,W1419,W97,W1032,W1437,W24,D15,
W122,W2570,W47,W4409,W38,W1262,W3842,W376,W97,W38,W3750,W17,W349,W2654,W24,D12,
W122,W47,W28,W4410,W430,W2187,W4411,W401,W2677,W3948,W24,D20,
W122,W47,W737,W45,W122,W433,W3113,W4413,W51,W2232,W1078,W222,W124,W300,W3795,W12,W553,W1409,W4414,W24,D12
W122,W32,W2106,W934,W38,W2678,W646,W1220,W24,D15,
W17,W3294,W38,W2982,W13,W428,W122,W32,W206,W1131,W38,W4423,W13,W4386,W2710,W19,W13,W109,W4424,W24,D15
W417,W122,W1058,W46,W1904,W1101,W12,W349,W19,W46,W4427,W4428,W24,D12,
W2277,W349,W12,W386,W4437,W38,W109,W24,D20
W289,W122,W435,W112,W113,W3422,W24,D3,
W17,W13,W312,W56,W12,W4147,W1401,W31,W1866,W441,W253,W24,D15
W32,W13,W1702,W28,W4344,W245,W626,W461,D4
W34,W47,W627,W122,W489,W17,W4043,W97,W12,W38,W28,W725,W726,W12,W17,W4135,W24,D12,
W122,W31,W528,W370,W12,W89,W13,W2732,W32,W113,W1520,W120,W4451,W24,D12
W110,W47,W281,W861,W45,W13,W4203,W626,W31,W4454,W24,D20,
W3739,W12,W253,W408,W385,W131,W640,W12,W32,W13,W355,W24,D27
W903,W32,W4462,W93,W28,W3942,W19,W13,W3933,W601,W98,W387,W183,W13,W4463,W19,W4464,W24,D12
W1,W597,W12,W4477,W97,W902,W4,W1039,W12,W3714,W12,W4478,W4479,W97,W4480,D20,
W90,W47,W32,W911,W13,W3692,W325,W17,W4493,W12,W910,W24,D15
W13,W2200,W1375,W47,W32,W2979,W4512,W28,W608,W45,W13,W4469,W4513,W32,W28,W1110,W4217,W24,D20
W26,W32,W321,W115,W24,D15,
W4544,W12,W15,W13,W495,W12,W32,W13,W84,W19,W111,W98,W516,W927,W972,W24,D17
W4567,W1375,W32,W256,W38,W246,W1814,W24,D15
W45,W69,W2051,W338,W128,W47,W4391,W38,W13,W4470,W24,D12,
W13,W965,W47,W32,W689,W204,W3933,W4579,W97,W47,W387,W903,W787,W36,W300,W37,W24,D20,
W90,W707,W45,W13,W4582,W4583,W45,W28,W4584,W348,W553,W13,W1220,W553,W57,W13,W4585,W24,D20
W903,W32,W4462,W93,W28,W3942,W19,W13,W3933,W601,W98,W387,W183,W13,W4463,W19,W4464,W24,D12
W138,W13,W4598,W1316,W47,W312,W763,W505,W38,W4599,W12,W903,W17,W1373,W1605,W1008,W480,W4596,W24,D5,
W903,W280,W45,W13,W66,W348,W447,W480,W4495,W154,W66,W2901,W24,D20,
W15,W228,W495,W12,W246,W1206,W90,W47,W32,W1164,W17,W1419,W24,D12,
W13,W3406,W2407,W38,W553,W4524,W1220,W89,W13,W4318,W4531,W32,W113,W689,W24,D20,
W170,W943,W111,W3016,W516,W1547,W2158,W81,W38,W4607,W12,W183,W112,W111,W4567,W516,W188,W24,D3
W903,W12,W1,W111,W597,W516,W4537,W58,W12,W32,W84,W19,W1,W111,W597,W516,W4524,W1382,W24,D11,
W13,W2200,W47,W387,W19,W111,W903,W516,W2094,W38,W553,W4469,W36,W28,W219,W721,W24,D20,
W17,W13,W608,W19,W13,W4469,W553,W17,W13,W4513,W12,W149,W32,W28,W4663,W1191,W24,D12,
W170,W4665,W790,W32,W281,W150,W408,W1145,W4670,W38,W32,W4671,W24,W188,D3
W300,W1372,W38,W13,W4666,W4665,W4667,W183,W4672,W24,D20
W1,W597,W47,W1553,W13,W1039,W97,W4480,W24,D20,
W66,W2,W1408,W4561,W4560,W4562,W4563,W2052,W93,W4495,W4696,W97,W55,W4697,W17,W2160,W319,W24,D12
W4563,W32,W28,W78,W19,W1,W597,W97,W28,W78,W19,W4698,W4699,W170,W494,W4700,W494,W188,W24,D15,
W4700,W47,W308,W93,W13,W4624,W2823,W24,D20
W4563,W553,W90,W4701,W498,W4702,W4703,W4704,W38,W3718,W285,W4684,W38,W1,W597,W24,D20
W170,W4705,W4706,W494,W607,W494,W97,W4525,W111,W3016,W516,W4707,W428,W188,W24,D12,
W13,W4553,W4559,W32,W38,W32,W1242,W19,W28,W494,W1818,W2380,W24,W494,D12
W13,W3012,W32,W1932,W1895,W204,W903,W97,W4716,W434,W90,W3117,W38,W91,W4469,W24,D20
W4563,W32,W2329,W17,W1990,W749,W3000,W90,W505,W38,W2706,W24,D12
W4725,W593,W4719,W2987,W32,W1191,W2292,W93,W90,W238,W12,W540,W12,W36,W4726,W13,W3446,W24,D20
W122,W32,W943,W3016,W128,W904,W43,W434,W4721,W4722,W12,W128,W47,W28,W4723,W204,W4735,W17,W4736,W24,D12
W89,W4676,W12,W457,W112,W45,W354,W496,W39,W434,W461,D20,
W4738,W12,W4739,W32,W28,W4740,W2516,W24,D4
W13,W910,W2765,W97,W2200,W4741,W4728,W688,W1254,W17,W2411,W93,W28,W2515,W4742,W24,D12
W13,W2200,W112,W113,W441,W609,W13,W67,W4391,W38,W4492,W36,W2281,W398,W138,W90,W2329,W24,D20
W4721,W32,W154,W346,W160,W93,W346,W550,W38,W1562,W28,W4752,W97,W28,W533,W17,W1874,W24,D20
W170,W4724,W32,W17,W13,W182,W188,W24,D3
W45,W32,W13,W429,W4749,W555,W204,W346,W24,D15,
W4721,W386,W836,W13,W111,W4752,W516,W563,W24,D12,
W90,W4766,W32,W494,W4503,W13,W4504,W24,W494,D20,
W28,W3002,W4767,W59,W354,W45,W4764,W47,W1130,W183,W28,W4768,W2086,W24,D15
W90,W32,W280,W57,W228,W67,W634,W38,W32,W494,W120,W12,W120,W12,W120,W494,W1120,W24,D12
W13,W314,W932,W4165,W281,W312,W47,W495,W36,W4771,W4772,W345,W1027,W2,W746,W4773,W24,D12,
W13,W4697,W540,W4777,W1203,W38,W47,W3296,W4778,W4469,W17,W963,W24,D20,
W13,W845,W32,W1216,W679,W19,W1,W111,W597,W516,W4469,W4538,W1382,W15,W2892,W24,D20
W64,W12,W306,W12,W1119,W28,W2344,W748,W19,W13,W4574,W24,D16
W90,W47,W280,W45,W13,W42,W104,W4407,W4801,W17,W13,W4802,W97,W4803,W1030,W1101,W38,W4577,W4469,W24,D12
W45,W1099,W47,W4228,W13,W560,W965,W204,W1477,W46,W4309,W24,D20
W45,W3931,W4824,W17,W3550,W38,W13,W300,W411,W19,W1691,W17,W3931,W2567,W38,W13,W1388,W19,W64,W24,D20
W1,W597,W47,W28,W3714,W17,W1116,W24,D20
W13,W111,W67,W516,W4834,W225,W28,W66,W2,W746,W635,W19,W13,W560,W965,W24,D20
W4746,W1235,W4747,W1554,W45,W28,W494,W2379,W2,W345,W494,W3448,W32,W113,W4684,W24,D12
W170,W115,W192,W4849,W4850,W322,W13,W3406,W693,W13,W285,W38,W47,W32,W3068,W38,W13,W4848,W24,W188,D3
W13,W965,W537,W3406,W456,W17,W2160,W2805,W38,W591,W278,W17,W1730,W1890,W3469,W97,W310,W12,W4528,W24,D20
W13,W2554,W19,W13,W3406,W456,W848,W430,W1751,W17,W4304,W576,W848,W32,W38,W537,W28,W2961,W24,D20,
W149,W32,W281,W2187,W19,W4359,W24,D20,
W149,W32,W281,W4857,W24,D20,
W556,W228,W47,W32,W875,W12,W13,W1954,W411,W12,W4858,W154,W55,W1723,W2158,W12,W32,W287,W4649,W24,D16
W170,W13,W426,W112,W113,W809,W188,W24,D3
W4532,W111,W1789,W516,W238,W32,W911,W17,W3050,W12,W910,W17,W4862,W1389,W24,D15,
W45,W2329,W17,W178,W1674,W38,W13,W757,W911,W19,W943,W3016,W12,W1,W111,W597,W516,W4537,W50,W24,D20
W3016,W2835,W32,W452,W17,W13,W161,W19,W13,W926,W4720,W4575,W593,W4719,W2987,W24,D15
W2292,W93,W903,W12,W4532,W1789,W97,W90,W55,W238,W47,W47,W4863,W1457,W401,W900,W901,W24,D12
W90,W1375,W841,W46,W70,W238,W24,D12,
W13,W4854,W4618,W4534,W4696,W4808,W32,W111,W4492,W516,W3144,W24,D16
W183,W4873,W4874,W556,W280,W12,W494,W1015,W32,W1988,W24,W494,D16
W111,W149,W32,W441,W28,W4879,W690,W494,W4880,W4881,W494,W17,W13,W1,W597,W4708,W24,D28,
W13,W494,W3459,W4882,W494,W4883,W553,W17,W13,W4469,W4513,W32,W28,W2666,W2,W4705,W24,D3,
W1960,W900,W901,W506,W1968,W13,W4888,W17,W90,W4889,W494,W13,W3588,W4890,W24,W494,D16
W4705,W4706,W607,W97,W32,W13,W4525,W111,W3016,W516,W4898,W24,D20
W494,W4901,W494,W1658,W494,W4902,W1753,W24,W494,D20,
W90,W2692,W1277,W28,W4916,W97,W32,W4244,W57,W28,W731,W66,W1853,W4917,W1160,W203,W3016,W24,D20
W475,W16,W3502,W112,W46,W1562,W97,W128,W112,W46,W2052,W461,D20
W979,W87,W968,W4918,W12,W13,W67,W97,W2200,W3572,W34,W1280,W24,D11,
W34,W32,W12,W138,W349,W12,W17,W26,W633,W24,D5
W1747,W354,W32,W28,W4078,W4920,W19,W1796,W909,W19,W13,W1010,W19,W337,W748,W24,D20
W1818,W12,W4921,W32,W953,W912,W953,W24,D4
W1045,W12,W13,W494,W4682,W3329,W494,W470,W38,W47,W32,W4926,W345,W15,W1065,W1527,W485,W1107,W24,D5,
W13,W494,W4682,W3329,W494,W248,W4575,W4927,W4682,W32,W1732,W292,W4928,W24,D12
W28,W4944,W341,W13,W1730,W1890,W1743,W97,W4945,W4946,W4947,W32,W2201,W17,W1373,W1144,W1312,W24,D20
W13,W2453,W47,W2588,W38,W1555,W13,W277,W351,W3422,W204,W4948,W736,W15,W1065,W950,W1312,W24,D20
W4971,W12,W34,W875,W1553,W4965,W97,W4966,W204,W87,W12,W289,W1553,W4964,W666,W113,W1732,W32,W553,W24,D15
W110,W905,W45,W34,W433,W797,W87,W246,W495,W4972,W57,W4158,W385,W4973,W264,W24,D20
W110,W31,W537,W13,W4974,W3849,W4963,W506,W3280,W24,D12
W4979,W4980,W4967,W334,W170,W110,W1101,W1440,W4966,W4981,W12,W183,W787,W188,D20
W4983,W34,W47,W1162,W4981,W489,D1
W1810,W34,W47,W1162,W4981,W489,D1
W110,W47,W38,W145,W13,W3671,W93,W4990,W24,D20,
W110,W47,W124,W300,W1648,W952,W328,W24,D20
W47,W87,W47,W28,W4480,W38,W1536,W13,W3671,W1820,W461,D12,
W4989,W5005,W1707,W5006,W4994,W5007,W4756,W5008,W953,W5009,W5010,W5008,W953,W5009,W5011,W5012,D1
W627,W87,W349,W149,W2,W26,W32,W5019,W5020,D1,
W31,W87,W1368,W154,W45,W398,W461,D12,
W627,W87,W349,W149,W2,W26,W32,W5019,W5020,D1,
W5025,W12,W3306,W31,W498,W87,W1834,W5026,W24,D16,
W306,W12,W417,W34,W32,W391,W434,W26,W426,W12,W3306,W5033,W5028,W38,W636,W24,D19
W5034,W5037,W112,W4286,W5038,W130,W24,D20,
W110,W3072,W349,W87,W867,W24,D20
W26,W32,W170,W480,W188,W5052,W1379,W36,W5053,W24,D4
W111,W110,W32,W1848,W434,W26,W24,D28,
W5025,W12,W2220,W12,W225,W26,W2587,W17,W111,W5056,W516,W2463,D16
W2020,W36,W412,W13,W5058,W633,W24,D1,
W13,W2277,W1846,W1643,W281,W3967,W38,W110,W2141,W24,D12
W111,W34,W31,W336,W13,W5058,W633,W97,W537,W38,W87,W36,W3381,W1727,W24,D28,
W2071,W5076,W2446,W2340,W928,W5077,W5078,W4756,W5079,W12,W5080,W5081,W5082,W5083,W5084,W4,W5085,W52,W4,W5086,D1
W306,W12,W93,W290,W2109,W312,W12,W111,W110,W32,W113,W1582,W38,W435,W1478,W641,W13,W426,W24,D27,
W38,W45,W3945,W12,W110,W1769,W110,W32,W113,W5094,W38,W2464,W3381,W498,W24,D12,
W110,W69,W70,W45,W3117,W17,W3294,W38,W5070,W246,W706,W110,W47,W19,W5095,W5096,W1727,W24,D12
W2220,W1582,W301,W45,W36,W110,W24,D20,
W111,W110,W32,W113,W2584,W45,W5087,W5100,W5101,W32,W13,W488,W12,W289,W2378,W5100,W5102,W24,D28
W498,W110,W89,W111,W87,W32,W835,W24,D1
W2071,W5076,W2446,W2340,W928,W5077,W5078,W4756,W5079,W12,W5080,W5081,W5082,W5083,W5084,W4,W5085,W52,W4,W5086,D1
W2220,W2139,W45,W1047,W2039,W290,W3408,W3068,W47,W776,W38,W5112,D20
W90,W526,W5113,W38,W155,W24,D12
W457,W434,W5075,W154,W155,W138,W45,W461,D1
W87,W3270,W5114,W4361,W110,W24,D20
W457,W434,W4498,W38,W45,W345,W138,W45,W154,W2542,W24,D1,
W489,W47,W2094,W154,W1127,W24,D20
W32,W87,W335,W38,W13,W5115,W1213,W5116,W2047,W2542,W461,D12,
W5117,W3428,W32,W149,W28,W5118,W24,D20,
W69,W5075,W1127,W130,W2402,W24,D15
W489,W47,W2094,W154,W1127,W24,D20
W32,W87,W335,W38,W13,W5115,W1213,W5116,W2047,W2542,W461,D12,
W5117,W3428,W32,W149,W28,W5118,W24,D20,
W155,W111,W112,W113,W130,W36,W110,W24,D15
W457,W434,W2542,W15,W5119,W5120,W495,W24,D1
W290,W334,W2486,W32,W45,W34,W367,W13,W3263,W1093,W204,W46,W890,W1210,W24,D12,
W475,W112,W87,W1202,W1206,W24,D16
W110,W31,W47,W38,W1079,W290,W5122,W2929,W38,W2542,W24,D12,
W2544,W418,W1954,W218,W15,W226,W5123,D1,
W155,W111,W112,W113,W130,W36,W110,W24,D15
W457,W434,W2542,W15,W5119,W5120,W495,W24,D1
W290,W334,W2486,W32,W45,W34,W367,W13,W3263,W1093,W204,W46,W890,W1210,W24,D12,
W475,W112,W87,W1202,W1206,W24,D16
W112,W87,W528,W38,W592,W87,W5124,W1509,W461,D12,
W2220,W5125,W38,W264,W4081,W24,D20
W1128,W5126,W47,W264,W13,W5127,W354,W24,D15
W90,W32,W3023,W434,W13,W5128,W5129,W5130,W2,W17,W3011,W12,W5131,W5132,W5133,W24,D12
W111,W110,W32,W15,W5136,W89,W87,W47,W385,W1198,W24,D28,
W26,W32,W2582,W2602,W5138,W36,W110,W24,D16
W110,W387,W122,W470,W70,W28,W2872,W12,W289,W13,W92,W36,W545,W3299,W32,W120,W1003,W952,W328,W24,D20
W110,W69,W70,W38,W336,W26,W112,W5139,W24,D12,
W110,W32,W5107,W13,W264,W36,W28,W5124,W1509,W5140,W154,W5141,W1777,W5142,W24,D12,
W1162,W5044,W4,W2599,W5144,D20,
W3968,W5145,W5146,W4,W5147,D12,
W746,W5044,W4,W5150,W5047,D20,
W206,W12,W13,W538,W19,W13,W5044,W2772,W36,W28,W4593,W32,W5046,W5047,W24,D13,
W122,W69,W374,W797,W90,W5152,W38,W106,W17,W13,W1162,W1097,W574,W348,W90,W113,W32,W684,W24,D15,
W5163,W5164,W17,W5165,W4756,W4,D20
W5166,W5167,W2079,W2599,W5168,D1,
W2590,W5157,W2581,W2599,W5169,D1,
W5158,W5159,W2581,W2599,W5170,D1,
W5160,W5161,W1003,W2599,W5171,D1,
W2443,W5162,W1003,W2599,W5144,D20,
W1138,W110,W387,W87,W3706,W774,W347,W110,W31,W56,W122,W57,W5172,W24,D1
W32,W34,W335,W38,W2181,W461,D12
W5173,W4068,W97,W5174,W17,W5175,W5176,W5177,W1145,W2,W4941,W12,W951,W12,W2350,W12,W5178,D20,
W13,W1707,W31,W5107,W13,W5185,W19,W26,W1934,W97,W2344,W1702,W38,W46,W24,D20,
W122,W31,W1358,W5186,W1727,W97,W317,W1904,W5187,W36,W5173,W4068,W24,D12,
W5201,W5202,W5203,W5176,W1428,W913,W2,W2656,W12,W951,W12,W3410,W12,W5204,D20
W110,W1101,W38,W2573,W326,W17,W111,W5205,W516,W319,W3553,W505,W24,D20,
W128,W47,W13,W319,W3553,W505,W2463,W36,W5205,W461,D20
W5196,W5210,W2169,W170,W5211,W1651,W5212,W188,W5198,D12,
W110,W1206,W45,W26,W32,W36,W87,W763,W110,W111,W112,W113,W387,W385,W19,W26,W330,W24,D20
W475,W4,W1848,W2047,W36,W1128,W5213,D1,
W417,W4,W3280,W15,W1145,W3154,D1
W388,W4,W13,W2823,W5214,W5215,W5216,W5217,W170,W5218,W188,W5219,D1
W3761,W4,W3280,W32,W111,W1128,W516,W429,W398,W15,W5220,W24,D1
W26,W32,W113,W28,W5053,W2,W4418,W3860,W24,D5,
W457,W112,W87,W1513,W434,W367,W154,W480,W4701,W461,D15
W5206,W97,W5221,W47,W1514,W5222,W5223,W5224,W38,W87,W626,W170,W627,W4081,W188,W24,D16
W2220,W1138,W110,W387,W2544,W3219,W24,D20,
W89,W87,W47,W113,W489,W104,W26,W2955,W12,W111,W5206,W516,W4526,W348,W32,W5226,W24,D3,
W5227,W1188,W5228,W3553,W5229,W5230,W5231,D1,
W2220,W627,W290,W1211,W17,W5232,W4081,W24,D20
W433,W87,W4251,W388,W26,W4701,W515,W4000,W305,W13,W317,W908,W461,D12,
W89,W2344,W12,W433,W87,W206,W797,W28,W5233,W19,W13,W2478,W2,W921,W639,W1145,W461,D20,
W110,W47,W28,W469,W5234,W45,W666,W1101,W38,W776,W574,W345,W32,W663,W38,W28,W574,W24,D20
W5235,W2,W5236,W2705,W5237,W5238,D1
W26,W5234,W32,W113,W17,W5239,W12,W5240,W12,W3049,W5241,W24,D20
W13,W319,W3553,W505,W47,W281,W2598,W12,W2418,W12,W345,W5242,W24,D15,
W5245,W2,W5053,W5246,W5247,W5238,D1
W307,W13,W1160,W12,W26,W5234,W1203,W38,W32,W28,W5248,W4701,W24,D12,
W13,W1954,W1145,W4701,W32,W290,W4359,W159,W17,W5220,W12,W97,W112,W113,W336,W663,W427,W13,W5250,W24,D15
W5251,W2,W5053,W5252,W5253,W12,W5254,W24,D1
W4701,W32,W641,W93,W28,W286,W4280,W19,W2418,W97,W5242,W12,W289,W281,W5261,W285,W24,D12,
W5258,W32,W290,W4359,W24,D15,
W110,W1206,W26,W5234,W348,W3404,W93,W5258,W24,D20,
W68,W110,W436,W122,W32,W663,W38,W5221,W24,D12,
W122,W348,W32,W226,W2,W2602,W24,D15,
W5262,W2,W5220,W3392,W5263,W5264,W19,W5265,W24,D1,
W26,W228,W348,W3092,W32,W663,W38,W2697,W858,W1846,W574,W24,D20
W113,W1649,W154,W34,W270,W19,W4701,W24,D20
W5224,W2,W5267,W2,W5220,W3739,D1
W414,W49,W429,W325,W38,W5268,W2750,W2418,W275,W24,D1
W108,W383,W13,W275,W19,W5269,W24,D1,
W5274,W2,W5275,W2,W5276,W12,W5238,D1,
W2210,W49,W38,W5277,W5278,W5279,W12,W28,W5280,W24,D1
W5277,W5278,W5279,W32,W663,W38,W1926,W616,W170,W5281,W5282,W97,W3689,W5283,W188,W24,D12
W5284,W2,W5267,W2,W5220,W5285,W12,W5238,D1
W414,W49,W429,W325,W38,W5268,W2750,W2418,W275,W24,D1
W108,W383,W13,W275,W19,W5274,W24,D1,
W122,W348,W32,W663,W38,W1926,W616,W170,W5281,W5282,W97,W3689,W5283,W188,W24,D15,
W1138,W110,W387,W89,W87,W47,W385,W1198,W24,D1,
W5221,W5286,W3002,W3553,W1886,W2697,W97,W1846,W170,W5218,W188,W5287,W278,W5288,D20
W281,W840,W434,W1079,W4701,W5224,W401,D20,
W110,W627,W45,W122,W32,W28,W226,W12,W68,W45,W31,W32,W281,W840,W24,D20,
W457,W112,W87,W1513,W434,W367,W154,W480,W4701,W461,D15
W5206,W97,W5221,W47,W1514,W5222,W5223,W5224,W38,W87,W626,W170,W627,W4081,W188,W24,D16
W2220,W1138,W110,W387,W2544,W3219,W24,D20,
W89,W87,W47,W113,W489,W104,W26,W2955,W12,W111,W5206,W516,W4526,W348,W32,W5226,W24,D3,
W5227,W1188,W5228,W3553,W5229,W5230,W5231,D1,
W2220,W627,W290,W1211,W17,W5232,W4081,W24,D20
W433,W87,W4251,W388,W26,W4701,W515,W4000,W305,W13,W317,W908,W461,D12,
W89,W2344,W12,W433,W87,W206,W797,W28,W5233,W19,W13,W2478,W2,W921,W639,W1145,W461,D20,
W110,W32,W605,W1192,W434,W2783,W28,W5291,W345,W5292,W5293,W5294,W24,D15,
W110,W114,W46,W97,W2783,W1553,W204,W28,W5295,W17,W1947,W12,W2083,W5296,W24,D20,
W46,W348,W32,W1832,W26,W218,W24,D15,
W46,W32,W2591,W97,W31,W615,W28,W795,W38,W34,W3743,W24,D12
W57,W13,W160,W13,W5297,W32,W49,W97,W4937,W17,W34,W1557,W4293,W5152,W97,W122,W32,W5298,W24,D12,
W110,W47,W206,W2783,W28,W5299,W17,W13,W429,W325,W24,D15,
W110,W32,W835,W17,W375,W3954,W24,D12,
W1075,W12,W28,W795,W24,D15,
W110,W31,W32,W1582,W36,W228,W345,W253,W19,W13,W694,W24,D15
W110,W270,W349,W19,W34,W170,W3254,W2019,W4417,W290,W111,W158,W516,W5301,W97,W920,W188,W24,D20
W110,W1580,W592,W97,W152,W24,D20
W110,W206,W4273,W45,W246,W666,W113,W47,W112,W385,W130,W154,W1895,W345,W46,W32,W5303,W5304,W24,D12,
W36,W2015,W12,W110,W69,W70,W38,W387,W89,W5305,W345,W5306,W112,W385,W130,W154,W1895,W24,D20
W15,W1065,W45,W32,W475,W110,W32,W1206,W328,W24,D16
W5307,W170,W5308,W334,W188,D1,
W5310,W170,W385,W130,W154,W1895,W461,W2,D1
W110,W111,W112,W113,W387,W45,W90,W112,W385,W188,D15
W131,W5293,W345,W660,W5293,W5311,D3
W122,W32,W36,W1446,W17,W28,W4331,W19,W5295,W17,W5325,W97,W32,W434,W2599,W3852,W24,D15,
W32,W149,W921,W4476,W461,D1,
W5329,W5330,W401,W5331,W24,D20,
W5329,W1262,W12,W5331,W5330,W24,D20
W2020,W36,W13,W2139,W24,D1,
W111,W34,W31,W114,W495,W417,W493,W2702,W1248,W24,D28
W110,W627,W45,W34,W32,W3506,W38,W47,W4262,W3280,W24,D20,
W110,W666,W47,W38,W5342,W370,W12,W111,W110,W31,W1138,W87,W387,W506,W26,W3219,W24,D12,
W3613,W12,W755,W32,W13,W5352,W4605,W24,D12
W2220,W222,W183,W28,W2061,W1981,W97,W104,W385,W776,W97,W2776,W45,W87,W1206,W1131,W24,D20,
W110,W111,W47,W113,W441,W776,W13,W5353,W138,W110,W496,W412,W122,W1248,W24,D16,
W5141,W12,W110,W1206,W87,W69,W2568,W13,W1211,W434,W87,W24,D15
W110,W627,W45,W34,W32,W3506,W38,W47,W4262,W3280,W24,D20,
W110,W666,W47,W38,W5342,W370,W12,W111,W110,W31,W1138,W87,W387,W506,W26,W3219,W24,D12,
W110,W31,W412,W26,W154,W34,W5354,W24,D12
W124,W1019,W87,W111,W31,W113,W104,W13,W5355,W493,W12,W289,W2378,W1954,W37,W24,D20
W5356,W5357,W12,W5358,W475,W28,W1138,W1248,W204,W13,W131,W379,W24,D1,
W45,W31,W32,W28,W5052,W495,W19,W37,W507,W24,D3
W110,W433,W4251,W246,W337,W4259,W763,W110,W367,W5359,W149,W429,W37,W36,W90,W4789,W24,D12,
W34,W3404,W15,W13,W5360,W97,W47,W28,W2575,W495,W24,D20,
W111,W110,W31,W32,W17,W641,W2870,D28,
W950,W226,W12,W5367,W5368,W17,W13,W5337,W24,D16,
W950,W2656,W912,W5370,W12,W905,W38,W32,W5371,W495,W24,D3,
W122,W32,W13,W111,W127,W516,W2929,W36,W5373,W12,W97,W5374,W32,W4361,W24,D3,
W26,W1658,W34,W111,W31,W113,W32,W17,W18,W36,W13,W5355,W493,W24,D20
W941,W12,W19,W566,W24,D1,
W111,W110,W32,W2214,W36,W246,W337,W5371,W398,W12,W206,W765,D28
W5024,W912,W5107,W912,W1211,D12,
W110,W47,W28,W4331,W19,W1198,W68,W110,W433,W5375,W49,W13,W5376,W4,D20
W34,W1186,W38,W5377,W5378,W52,W3814,W5379,W24,D20,
W112,W34,W4627,W38,W802,W28,W3011,W5380,W12,W345,W348,W26,W32,W253,W5381,W461,D12
W110,W47,W28,W2486,W45,W13,W5053,W5383,W5384,W168,W5385,W34,W154,W13,W5386,W93,W45,W228,W24,D20,
W112,W34,W447,W38,W47,W228,W5387,W3296,W12,W345,W375,W461,D12
W89,W2008,W47,W122,W5389,W12,W122,W168,W5390,W493,W49,W36,W110,W24,D12
W5391,W13,W228,W345,W253,W3296,W1198,W24,D1
W110,W627,W34,W447,W38,W47,W1723,W3296,W36,W515,W5392,W24,D20
W110,W47,W28,W4331,W19,W1198,W68,W110,W433,W5375,W49,W13,W5376,W4,D20
W34,W1186,W38,W5377,W5378,W52,W3814,W5379,W24,D20,
W112,W34,W4627,W38,W802,W28,W3011,W5380,W12,W345,W348,W26,W32,W253,W5381,W461,D12
W110,W47,W28,W2486,W45,W13,W5053,W5383,W5384,W168,W5385,W34,W154,W13,W5386,W93,W45,W228,W24,D20,
W112,W34,W447,W38,W47,W228,W5387,W3296,W12,W345,W375,W461,D12
W89,W2008,W47,W122,W5389,W12,W122,W168,W5390,W493,W49,W36,W110,W24,D12
W1918,W12,W110,W1206,W45,W34,W47,W38,W802,W13,W5380,W24,D15
W58,W24,W13,W5399,W19,W13,W1770,W1509,W32,W28,W3613,W1198,W24,D19,
W110,W69,W1075,W537,W46,W13,W4605,W1770,W1509,W28,W4331,W398,W138,W13,W5376,W24,D15
W50,W24,W110,W447,W15,W1065,W228,W5387,W3296,W3849,W5392,W24,D15
W34,W111,W112,W113,W1580,W38,W1316,W13,W1807,W19,W228,W5392,W154,W13,W1253,W19,W480,W5392,W24,D15,
W537,W57,W4,W5403,W5404,D1,
W5024,W12,W627,W4081,W24,D12,
W111,W5405,W516,W4789,W32,W5406,W24,D28,
W475,W32,W34,W335,W38,W336,W346,W461,D3
W45,W32,W246,W337,W2583,W24,D16
W110,W555,W87,W32,W39,W34,W160,W1105,W24,D20,
W1582,W2339,W38,W3086,W28,W469,W5408,W24,D1
W2071,W5409,W5196,W5410,W5198,W154,W5411,W5412,W5337,D1,
W5413,W111,W5414,W32,W68,W5415,W774,D20,
W87,W5414,W32,W68,W5415,W4,W417,W346,W3970,W5416,W346,W47,W38,W104,W55,W1889,W24,D20,
W417,W346,W5417,W346,W104,W13,W1971,W5418,W24,D12,
W417,W346,W32,W5419,W93,W13,W3275,W4261,W5420,W13,W3535,W797,W346,W2528,W37,W38,W438,W24,D15
W346,W412,W5421,W154,W5422,W24,W170,W5423,W2106,W13,W5424,W188,D20
W346,W5425,W5346,W39,W93,W28,W5426,W24,D12
W417,W346,W335,W38,W13,W5427,W13,W5428,W931,W346,W5429,W24,D12
W346,W76,W3451,W5430,W2169,W32,W28,W4693,W4505,W24,D16
W346,W111,W199,W516,W5377,W280,W494,W2169,W117,W154,W131,W132,W24,W494,D15
W346,W47,W38,W1022,W346,W5431,W154,W13,W5432,W24,D20
